id,hplx,pp,px,create_by,create_time,update_by,update_time,remark,data_key,authorized_key
1,0,0,2,admin,2022-04-21 13:02:47,admin,2022-04-29 23:22:08,,,
2,0,1,1,admin,2022-04-21 13:02:52,admin,2022-04-29 23:21:59,,,
3,0,2,3,admin,2022-04-21 13:02:58,admin,2022-04-29 22:30:31,,,
4,0,3,4,admin,2022-04-21 13:03:03,admin,2022-04-29 22:30:42,,,
5,0,4,5,admin,2022-04-21 13:03:09,admin,2022-04-29 22:30:46,,,
7,0,5,6,admin,2022-04-21 13:03:25,admin,2022-04-29 22:30:51,,,
8,0,6,7,admin,2022-04-21 13:03:35,admin,2022-04-29 22:30:56,,,
9,0,7,8,admin,2022-04-21 13:03:42,admin,2022-04-29 22:31:03,,,
10,1,8,1,admin,2022-04-21 13:04:00,admin,2022-04-21 13:04:00,,,
11,1,9,2,admin,2022-04-21 13:04:10,admin,2022-04-29 22:31:15,,,
12,1,10,3,admin,2022-04-21 13:04:17,admin,2022-04-29 22:31:20,,,
13,1,11,4,admin,2022-04-21 13:04:24,admin,2022-04-29 22:31:24,,,
14,1,12,10,admin,2022-07-19 08:37:38,admin,2022-07-19 08:37:38,,,
